pagina,cliques,impressoes,ctr,posicao
https://rcbseo.com.br/como-aparecer-no-google/,0,142,0,46.9
https://rcbseo.com.br/seo-para-pequenas-empresas/,0,136,0,15.2
https://rcbseo.com.br/google-perfil-empresa/,1,103,0.0097,20.0
https://rcbseo.com.br/seo-para-contadores/,0,91,0,39.0
https://rcbseo.com.br/blog/google-meu-negocio-nao-aparece/,0,89,0,11.4
https://rcbseo.com.br/consultor-seo-goiania/,0,85,0,31.4
https://rcbseo.com.br/seo-para-clinicas-de-estetica/,0,84,0,24.0
https://rcbseo.com.br/blog/como-saber-se-meu-site-esta-indexado/,0,83,0,8.4
https://rcbseo.com.br/blog/quanto-custa-otimizar-google-meu-negocio/,0,78,0,6.8
https://rcbseo.com.br/seo-para-imobiliarias/,0,78,0,24.8
https://rcbseo.com.br/criacao-de-sites-goiania/,0,62,0,31.6
https://rcbseo.com.br/para-advogados/,0,60,0,47.6
https://rcbseo.com.br/seo-local-goiania/,0,59,0,16.7
https://rcbseo.com.br/blog/como-responder-avaliacoes-google-clinica/,0,56,0,6.5
https://rcbseo.com.br/,2,54,0.037,4.0
https://rcbseo.com.br/consultoria-seo-local/,1,48,0.0208,10.2
https://rcbseo.com.br/blog/como-migrar-site-para-outro-dominio/,0,44,0,15.8
https://rcbseo.com.br/para-profissionais-liberais/,0,38,0,5.4
https://rcbseo.com.br/consultoria-seo/,0,36,0,22.9
https://rcbseo.com.br/para-comercios-locais/,0,34,0,28.0
https://rcbseo.com.br/seo-para-medicos/,0,33,0,37.3
https://rcbseo.com.br/diagnostico-presenca-digital/,0,31,0,14.3
https://rcbseo.com.br/contato/,0,30,0,6.8
https://rcbseo.com.br/seo-para-veterinarios/,0,28,0,9.6
https://rcbseo.com.br/blog/como-divulgar-minha-empresa-no-google/,0,27,0,11.9
https://rcbseo.com.br/seo-para-dentistas/,0,27,0,11.9
https://rcbseo.com.br/guia-seo-local/,0,24,0,14.0
https://rcbseo.com.br/seo-para-psicologos/,0,24,0,7.3
https://rcbseo.com.br/consultoria-seo/aparecida-de-goiania/,0,23,0,16.8
https://rcbseo.com.br/auditoria-seo/,0,20,0,12.4
https://rcbseo.com.br/blog/link-building-para-bets-o-que-avaliar/,0,17,0,2.8
https://rcbseo.com.br/blog/como-criar-site-para-iptv-do-zero/,1,15,0.0667,4.9
https://rcbseo.com.br/como-atrair-mais-pacientes/,0,15,0,69.6
https://rcbseo.com.br/link-building-para-bets/,0,15,0,17.3
https://rcbseo.com.br/seo-para-clinicas/,0,15,0,24.4
https://rcbseo.com.br/sobre/,4,14,0.2857,3.8
https://rcbseo.com.br/blog/dominio-caiu-o-que-fazer/,0,14,0,6.1
https://rcbseo.com.br/blog/por-que-meu-site-nao-aparece-no-google/,0,13,0,16.1
https://rcbseo.com.br/blog/por-que-minha-clinica-odontologica-nao-aparece-no-google/,0,12,0,5.3
https://rcbseo.com.br/consultoria-seo/anapolis/,0,12,0,22.7
https://rcbseo.com.br/blog/google-meu-negocio-para-corretor-de-imoveis/,0,11,0,6
https://rcbseo.com.br/privacidade/,0,11,0,5.5
https://rcbseo.com.br/blog/como-melhorar-posicionamento-empresa-google/,0,10,0,14.1
https://rcbseo.com.br/agentes-de-ia/,0,9,0,6.2
https://rcbseo.com.br/blog/pet-shop-como-aparecer-no-google/,0,9,0,6.7
https://rcbseo.com.br/agente-de-ia-para-clinicas/,0,8,0,11.5
https://rcbseo.com.br/blog/responder-avaliacoes-google-sem-parecer-automatico/,0,8,0,8.8
https://rcbseo.com.br/seo-para-clinicas-de-emagrecimento/,0,8,0,4.8
https://rcbseo.com.br/acompanhamento-seo/,0,7,0,6.1
https://rcbseo.com.br/blog/seo-para-profissionais-liberais/,0,7,0,9.7
https://rcbseo.com.br/marketing-para-clinicas/,0,7,0,6.9
https://rcbseo.com.br/blog/trocar-de-dominio-faz-perder-posicoes/,1,6,0.1667,5
https://rcbseo.com.br/blog/como-divulgar-minha-empresa-em-goiania/,0,6,0,5.3
https://rcbseo.com.br/blog/como-otimizar-google-perfil-empresa/,0,6,0,38.7
https://rcbseo.com.br/blog/erros-que-impedem-empresa-aparecer-no-google/,0,6,0,9
https://rcbseo.com.br/blog/quanto-custa-chegar-primeira-pagina/,0,6,0,10.5
https://rcbseo.com.br/blog/site-ou-instagram-para-empresa-local/,0,6,0,8
https://rcbseo.com.br/cases/,0,6,0,5.3
https://rcbseo.com.br/seo-agressivo/,0,6,0,1.7
https://rcbseo.com.br/blog/como-colocar-minha-empresa-no-google/,0,5,0,9.2
https://rcbseo.com.br/blog/erros-no-whatsapp-que-perdem-orcamento/,0,5,0,7.8
https://rcbseo.com.br/seo-para-jogos-online/,0,5,0,5.6
https://rcbseo.com.br/blog/backlinks-para-iptv-funcionam/,0,4,0,4
https://rcbseo.com.br/blog/clinica-de-estetica-nao-aparece-no-google/,0,4,0,5.8
https://rcbseo.com.br/blog/dominio-expirado-com-backlinks-vale-a-pena/,0,4,0,4.5
https://rcbseo.com.br/seo-para-iptv/,1,3,0.3333,4
https://rcbseo.com.br/blog/como-aparecer-nas-buscas-perto-de-mim/,0,3,0,7.3
https://rcbseo.com.br/blog/e-possivel-garantir-primeira-pagina/,0,3,0,2
https://rcbseo.com.br/blog/o-que-e-seo-agressivo/,0,3,0,5.3
https://rcbseo.com.br/analise-de-dominios-expirados/,0,2,0,18
https://rcbseo.com.br/blog/,0,2,0,4
https://rcbseo.com.br/blog/como-analisar-backlinks-dos-concorrentes/,0,2,0,9
https://rcbseo.com.br/blog/como-aparecer-google-clinica-estetica-goiania/,0,2,0,8.5
https://rcbseo.com.br/blog/como-escolher-consultoria-seo-goiania/,0,2,0,5.5
https://rcbseo.com.br/blog/como-gerar-leads-imobiliaria-sem-portais/,0,2,0,8.5
https://rcbseo.com.br/blog/como-saber-se-consultor-google-meu-negocio-e-bom/,0,2,0,7.5
https://rcbseo.com.br/blog/consultor-seo-ou-agencia-de-marketing-digital/,0,2,0,2
https://rcbseo.com.br/blog/o-que-acontece-com-seo-ao-trocar-dominio/,0,2,0,5
https://rcbseo.com.br/consultoria-seo/americana/,0,2,0,8.5
https://rcbseo.com.br/consultoria-seo/fortaleza/,0,2,0,6
https://rcbseo.com.br/consultoria-seo/indaiatuba/,0,2,0,11.5
https://rcbseo.com.br/consultoria-seo/maringa/,0,2,0,14
https://rcbseo.com.br/consultoria-seo/montes-claros/,0,2,0,9.5
https://rcbseo.com.br/consultoria-seo/passo-fundo/,0,2,0,14.5
https://rcbseo.com.br/conteudo-para-seo/,0,2,0,7.5
https://rcbseo.com.br/cookies/,0,2,0,5.5
https://rcbseo.com.br/google-meu-negocio-para-clinicas/,0,2,0,37.5
https://rcbseo.com.br/seo-para-bets/,0,2,0,9
https://rcbseo.com.br/analise-de-projeto/,0,1,0,3
https://rcbseo.com.br/blog/checklist-presenca-digital-empresa-local/,0,1,0,4
https://rcbseo.com.br/blog/como-analisar-historico-de-dominio-expirado/,0,1,0,9
https://rcbseo.com.br/blog/como-conseguir-pacientes-de-psicologia/,0,1,0,8
https://rcbseo.com.br/blog/como-criar-paginas-de-avaliacao-de-casas-de-apostas/,0,1,0,2
https://rcbseo.com.br/blog/como-escolher-dominio-expirado-com-autoridade/,0,1,0,20
https://rcbseo.com.br/blog/como-receber-orcamentos-whatsapp-site/,0,1,0,5
https://rcbseo.com.br/blog/como-saber-se-dominio-expirado-foi-usado-para-spam/,0,1,0,6
https://rcbseo.com.br/blog/consultoria-seo-funciona-para-clinica-pequena/,0,1,0,7
https://rcbseo.com.br/blog/dominio-premium-ou-dominio-expirado/,0,1,0,6
https://rcbseo.com.br/blog/google-meu-negocio-para-clinicas-passo-a-passo/,0,1,0,11
https://rcbseo.com.br/blog/o-que-e-pbn-e-como-funciona/,0,1,0,9
https://rcbseo.com.br/blog/paginas-que-empresa-local-precisa-no-site/,0,1,0,9
https://rcbseo.com.br/blog/por-que-alguns-projetos-de-seo-precisam-de-mais-investimento/,0,1,0,6
https://rcbseo.com.br/blog/por-que-minha-empresa-nao-aparece-no-google/,0,1,0,11
https://rcbseo.com.br/blog/psicologo-pode-anunciar-no-google/,0,1,0,5
https://rcbseo.com.br/blog/quanto-custa-um-site/,0,1,0,9
https://rcbseo.com.br/blog/seo-agressivo-funciona-em-nichos-concorridos/,0,1,0,10
https://rcbseo.com.br/blog/seo-local-ou-seo-nacional-diferenca/,0,1,0,1
https://rcbseo.com.br/blog/seo-para-clinicas-vale-a-pena/,0,1,0,16
https://rcbseo.com.br/blog/seo-para-contadores/,0,1,0,6
https://rcbseo.com.br/blog/usar-avaliacoes-google-confianca-conversao/,0,1,0,8
https://rcbseo.com.br/blog/vale-a-pena-contratar-consultor-de-seo-ou-fazer-sozinho/,0,1,0,5
https://rcbseo.com.br/consultoria-seo/atibaia/,0,1,0,4
https://rcbseo.com.br/consultoria-seo/barueri/,0,1,0,11
https://rcbseo.com.br/consultoria-seo/belford-roxo/,0,1,0,10
https://rcbseo.com.br/consultoria-seo/brusque/,0,1,0,11
https://rcbseo.com.br/consultoria-seo/cascavel/,0,1,0,15
https://rcbseo.com.br/consultoria-seo/contagem/,0,1,0,8
https://rcbseo.com.br/consultoria-seo/dourados/,0,1,0,11
https://rcbseo.com.br/consultoria-seo/itapema/,0,1,0,1
https://rcbseo.com.br/consultoria-seo/joinville/,0,1,0,18
https://rcbseo.com.br/consultoria-seo/macae/,0,1,0,1
https://rcbseo.com.br/consultoria-seo/maceio/,0,1,0,5
https://rcbseo.com.br/consultoria-seo/marica/,0,1,0,8
https://rcbseo.com.br/consultoria-seo/parnamirim/,0,1,0,1
https://rcbseo.com.br/consultoria-seo/petropolis/,0,1,0,11
https://rcbseo.com.br/consultoria-seo/ponta-grossa/,0,1,0,7
https://rcbseo.com.br/consultoria-seo/recife/,0,1,0,8
https://rcbseo.com.br/consultoria-seo/santa-maria/,0,1,0,16
https://rcbseo.com.br/consultoria-seo/sao-bernardo-do-campo/,0,1,0,7
https://rcbseo.com.br/consultoria-seo/sinop/,0,1,0,3
https://rcbseo.com.br/consultoria-seo/sorocaba/,0,1,0,16
https://rcbseo.com.br/consultoria-seo/taubate/,0,1,0,7
https://rcbseo.com.br/consultoria-seo/vila-velha/,0,1,0,13
https://rcbseo.com.br/criacao-de-landing-page-goiania/,0,1,0,104
https://rcbseo.com.br/dominio-expirado-para-iptv/,0,1,0,26
https://rcbseo.com.br/recuperacao-de-vendas-whatsapp/,0,1,0,8
https://rcbseo.com.br/seo-nacional/,0,1,0,1
https://rcbseo.com.br/seo-para-revendedor-iptv/,0,1,0,9
https://rcbseo.com.br/site-otimizado-para-seo/,0,1,0,5
