busca,cliques,impressoes,ctr,posicao
seo para pequenas empresas,0,112,0,16.0
aparecer no google,0,84,0,45.4
seo para advogados,0,33,0,56.3
seo para imobiliária,0,29,0,25.3
como aparecer no google,0,26,0,55.8
agência de seo em goiânia,0,23,0,79.9
consultoria de seo para clínica estética,0,22,0,41.1
criação de site em goiânia,0,22,0,25.7
otimização google meu negócio,0,22,0,40.6
seo para clínicas de estética,0,21,0,9.6
seo para contabilidade,0,21,0,59.3
seo para imobiliárias,0,20,0,23.1
link building para bets,0,18,0,3.1
migração de domínios,0,18,0,25.7
seo para site de clínica estética,0,17,0,21.7
seo site de contabilidade,0,17,0,36
diagnóstico de presença digital,0,15,0,17.5
estratégia de seo para contabilidade,0,15,0,41.7
seo site contábil,0,13,0,62.2
consultoria seo local,0,12,0,18.8
consultoria seo para pequenas empresas,0,12,0,14.5
aparecer no google maps,0,11,0,61.7
consultor seo goiânia,0,11,0,4.5
seo local para pet shop,0,11,0,12.6
criação de site goiania,0,10,0,23.6
rcb,0,9,0,4.2
seo para imobiliarias,0,9,0,17.6
por que meu site não aparece no google,0,8,0,18.8
seo local para clínicas,0,8,0,67.9
google meu negócio,0,7,0,5.9
rcb consultoria,0,7,0,8.3
consultor de seo local,0,6,0,18.8
meu negócio,0,6,0,6.5
otimização perfil google empresa,0,6,0,32.8
por quê minha empresa não aparece no google,0,6,0,31.5
atrair pacientes,0,5,0,66
contratar um consultor de seo local,0,5,0,25.4
criação de sites goiânia,0,5,0,100.6
estratégia de seo para advogados,0,5,0,71.4
aparecer google,0,4,0,56.2
google,0,4,0,5.2
seo advogados,0,4,0,58.2
seo para especialista em harmonização orofacial,0,4,0,73.5
seo para psicólogos,0,4,0,6
auditoria seo local,0,3,0,31.3
aumentar o número de pacientes,0,3,0,86
como otimizar perfil da empresa no google,0,3,0,87.7
empresas sem site perto de mim,0,3,0,13
local seo near me,0,3,0,16.7
otimização de sites em goiânia,0,3,0,16.7
seo local para advogados,0,3,0,48
seo para advogado,0,3,0,53
seo para consultório,0,3,0,40.7
serviços locais de seo perto de mim,0,3,0,52.7
site imobiliário seo,0,3,0,87
agência de seo para clínica estética,0,2,0,78
consultoria seo,0,2,0,3.5
consultoria seo rio de janeiro,0,2,0,11.5
desenvolvimento de sites em anápolis,0,2,0,67.5
melhorar o posicionamento no google,0,2,0,21
quanto custa estar na primeira pagina do google,0,2,0,19.5
seo animal,0,2,0,2.5
seo local para clinicas,0,2,0,64.5
seo local para imobiliarias saiba como aumentar a visibilidade nas pesquisas regionais,0,2,0,47.5
seo para clínicas,0,2,0,32
seo para especialista em medicina preventiva,0,2,0,69.5
seo para medicos,0,2,0,23.5
site em goiania,0,2,0,20
agente de ia para clinicas,0,1,0,28
agência de seo em campo grande,0,1,0,7
agência de seo na zona norte,0,1,0,61
agência de seo na zona oeste,0,1,0,31
atrair mais pacientes,0,1,0,51
como aparece no google,0,1,0,20
como apareçer no google,0,1,0,18
como atrair pacientes,0,1,0,83
como aumentar o número de pacientes,0,1,0,89
construção de sites em goiaina,0,1,0,84
consultoria seo americana,0,1,0,8
consultoría seo,0,1,0,8
criacao de sites goiania,0,1,0,96
criar site goiania,0,1,0,64
criação de sites em anápolis,0,1,0,65
criação de sites em goiânia,0,1,0,71
criação de sites goiania,0,1,0,65
dr. renan carvalho barato,0,1,0,32
e caro?,0,1,0,16
empresas de seo no brasil,0,1,0,6
goo,0,1,0,1
goog,0,1,0,1
meu local a goiânia,0,1,0,8
meu negócio no google,0,1,0,4
meu site google,0,1,0,6
o que é preciso para aparecer no google,0,1,0,86
otimizar ficha do google,0,1,0,85
otimização de google meu negócio,0,1,0,9
otimização de perfil no google,0,1,0,11
seo local para barbearia,0,1,0,95
seo local para médicos,0,1,0,78
seo near me,0,1,0,75
seo para clínica,0,1,0,41
