busca,pagina,cliques,impressoes,ctr,posicao
seo para pequenas empresas,https://rcbseo.com.br/seo-para-pequenas-empresas/,0,112,0,16.0
aparecer no google,https://rcbseo.com.br/como-aparecer-no-google/,0,84,0,45.4
seo para advogados,https://rcbseo.com.br/para-advogados/,0,33,0,56.3
seo para imobiliária,https://rcbseo.com.br/seo-para-imobiliarias/,0,29,0,25.3
como aparecer no google,https://rcbseo.com.br/como-aparecer-no-google/,0,26,0,55.8
agência de seo em goiânia,https://rcbseo.com.br/consultor-seo-goiania/,0,23,0,79.9
criação de site em goiânia,https://rcbseo.com.br/criacao-de-sites-goiania/,0,22,0,25.7
otimização google meu negócio,https://rcbseo.com.br/google-perfil-empresa/,0,22,0,40.6
seo para clínicas de estética,https://rcbseo.com.br/seo-para-clinicas-de-estetica/,0,21,0,9.6
seo para contabilidade,https://rcbseo.com.br/seo-para-contadores/,0,21,0,59.3
seo para imobiliárias,https://rcbseo.com.br/seo-para-imobiliarias/,0,20,0,23.1
migração de domínios,https://rcbseo.com.br/blog/como-migrar-site-para-outro-dominio/,0,18,0,25.7
link building para bets,https://rcbseo.com.br/blog/link-building-para-bets-o-que-avaliar/,0,17,0,2.8
seo para site de clínica estética,https://rcbseo.com.br/seo-para-clinicas-de-estetica/,0,17,0,21.7
seo site de contabilidade,https://rcbseo.com.br/seo-para-contadores/,0,17,0,36
consultoria de seo para clínica estética,https://rcbseo.com.br/seo-para-clinicas-de-estetica/,0,16,0,43.9
diagnóstico de presença digital,https://rcbseo.com.br/diagnostico-presenca-digital/,0,15,0,17.5
estratégia de seo para contabilidade,https://rcbseo.com.br/seo-para-contadores/,0,15,0,41.7
link building para bets,https://rcbseo.com.br/link-building-para-bets/,0,15,0,17.3
seo site contábil,https://rcbseo.com.br/seo-para-contadores/,0,13,0,62.2
consultoria seo para pequenas empresas,https://rcbseo.com.br/seo-para-pequenas-empresas/,0,12,0,14.5
aparecer no google maps,https://rcbseo.com.br/como-aparecer-no-google/,0,11,0,61.7
consultor seo goiânia,https://rcbseo.com.br/consultor-seo-goiania/,0,11,0,4.5
consultoria seo local,https://rcbseo.com.br/guia-seo-local/,0,11,0,18.5
seo local para pet shop,https://rcbseo.com.br/seo-para-veterinarios/,0,11,0,12.6
criação de site goiania,https://rcbseo.com.br/criacao-de-sites-goiania/,0,10,0,23.6
seo local para pet shop,https://rcbseo.com.br/para-comercios-locais/,0,10,0,48.5
consultor seo goiânia,https://rcbseo.com.br/seo-local-goiania/,0,9,0,37.1
rcb,https://rcbseo.com.br/,0,9,0,4.2
seo para imobiliarias,https://rcbseo.com.br/seo-para-imobiliarias/,0,9,0,17.6
por que meu site não aparece no google,https://rcbseo.com.br/blog/por-que-meu-site-nao-aparece-no-google/,0,8,0,18.8
seo local para clínicas,https://rcbseo.com.br/seo-para-medicos/,0,8,0,67.9
google meu negócio,https://rcbseo.com.br/,0,7,0,5.9
rcb consultoria,https://rcbseo.com.br/contato/,0,7,0,8.3
meu negócio,https://rcbseo.com.br/,0,6,0,6.5
por quê minha empresa não aparece no google,https://rcbseo.com.br/blog/google-meu-negocio-nao-aparece/,0,6,0,31.5
atrair pacientes,https://rcbseo.com.br/como-atrair-mais-pacientes/,0,5,0,66
consultoria de seo para clínica estética,https://rcbseo.com.br/consultoria-seo/aparecida-de-goiania/,0,5,0,29.2
criação de sites goiânia,https://rcbseo.com.br/criacao-de-sites-goiania/,0,5,0,100.6
estratégia de seo para advogados,https://rcbseo.com.br/para-advogados/,0,5,0,71.4
otimização perfil google empresa,https://rcbseo.com.br/google-perfil-empresa/,0,5,0,30.2
aparecer google,https://rcbseo.com.br/como-aparecer-no-google/,0,4,0,56.2
consultor seo goiânia,https://rcbseo.com.br/consultoria-seo/aparecida-de-goiania/,0,4,0,19
contratar um consultor de seo local,https://rcbseo.com.br/consultoria-seo-local/,0,4,0,27.2
google,https://rcbseo.com.br/,0,4,0,5.2
seo advogados,https://rcbseo.com.br/para-advogados/,0,4,0,58.2
seo para especialista em harmonização orofacial,https://rcbseo.com.br/seo-para-clinicas-de-estetica/,0,4,0,73.5
seo para psicólogos,https://rcbseo.com.br/seo-para-psicologos/,0,4,0,6
auditoria seo local,https://rcbseo.com.br/auditoria-seo/,0,3,0,31.3
aumentar o número de pacientes,https://rcbseo.com.br/como-atrair-mais-pacientes/,0,3,0,86
como otimizar perfil da empresa no google,https://rcbseo.com.br/google-perfil-empresa/,0,3,0,87.7
consultor de seo local,https://rcbseo.com.br/consultoria-seo-local/,0,3,0,18.7
consultor de seo local,https://rcbseo.com.br/guia-seo-local/,0,3,0,19
empresas sem site perto de mim,https://rcbseo.com.br/seo-para-pequenas-empresas/,0,3,0,13
local seo near me,https://rcbseo.com.br/seo-local-goiania/,0,3,0,16.7
otimização de sites em goiânia,https://rcbseo.com.br/consultoria-seo/aparecida-de-goiania/,0,3,0,16.7
seo local para advogados,https://rcbseo.com.br/para-advogados/,0,3,0,48
seo para advogado,https://rcbseo.com.br/para-advogados/,0,3,0,53
seo para consultório,https://rcbseo.com.br/seo-para-clinicas/,0,3,0,40.7
serviços locais de seo perto de mim,https://rcbseo.com.br/para-comercios-locais/,0,3,0,52.7
site imobiliário seo,https://rcbseo.com.br/seo-para-imobiliarias/,0,3,0,87
agência de seo para clínica estética,https://rcbseo.com.br/seo-para-clinicas-de-estetica/,0,2,0,78
consultoria seo rio de janeiro,https://rcbseo.com.br/consultoria-seo/,0,2,0,11.5
desenvolvimento de sites em anápolis,https://rcbseo.com.br/consultoria-seo/anapolis/,0,2,0,67.5
melhorar o posicionamento no google,https://rcbseo.com.br/blog/como-melhorar-posicionamento-empresa-google/,0,2,0,21
quanto custa estar na primeira pagina do google,https://rcbseo.com.br/blog/quanto-custa-chegar-primeira-pagina/,0,2,0,19.5
seo animal,https://rcbseo.com.br/seo-para-veterinarios/,0,2,0,2.5
seo local para clinicas,https://rcbseo.com.br/seo-para-medicos/,0,2,0,64.5
seo local para imobiliarias saiba como aumentar a visibilidade nas pesquisas regionais,https://rcbseo.com.br/seo-para-imobiliarias/,0,2,0,47.5
seo para clínicas,https://rcbseo.com.br/seo-para-clinicas/,0,2,0,32
seo para especialista em medicina preventiva,https://rcbseo.com.br/seo-para-medicos/,0,2,0,69.5
seo para medicos,https://rcbseo.com.br/seo-para-medicos/,0,2,0,23.5
site em goiania,https://rcbseo.com.br/criacao-de-sites-goiania/,0,2,0,20
agente de ia para clinicas,https://rcbseo.com.br/agente-de-ia-para-clinicas/,0,1,0,28
agência de seo em campo grande,https://rcbseo.com.br/consultoria-seo/,0,1,0,7
agência de seo na zona norte,https://rcbseo.com.br/consultoria-seo/,0,1,0,61
agência de seo na zona oeste,https://rcbseo.com.br/consultoria-seo/,0,1,0,31
atrair mais pacientes,https://rcbseo.com.br/como-atrair-mais-pacientes/,0,1,0,51
como aparece no google,https://rcbseo.com.br/como-aparecer-no-google/,0,1,0,20
como apareçer no google,https://rcbseo.com.br/como-aparecer-no-google/,0,1,0,18
como atrair pacientes,https://rcbseo.com.br/como-atrair-mais-pacientes/,0,1,0,83
como aumentar o número de pacientes,https://rcbseo.com.br/como-atrair-mais-pacientes/,0,1,0,89
construção de sites em goiaina,https://rcbseo.com.br/criacao-de-sites-goiania/,0,1,0,84
consultoria de seo para clínica estética,https://rcbseo.com.br/consultoria-seo/,0,1,0,56
consultoria de seo para clínica estética,https://rcbseo.com.br/google-meu-negocio-para-clinicas/,0,1,0,71
consultoria seo,https://rcbseo.com.br/,0,1,0,2
consultoria seo,https://rcbseo.com.br/consultoria-seo/,0,1,0,5
consultoria seo americana,https://rcbseo.com.br/consultoria-seo/americana/,0,1,0,8
consultoria seo local,https://rcbseo.com.br/consultoria-seo-local/,0,1,0,23
consultoría seo,https://rcbseo.com.br/consultoria-seo/,0,1,0,8
contratar um consultor de seo local,https://rcbseo.com.br/guia-seo-local/,0,1,0,18
criacao de sites goiania,https://rcbseo.com.br/criacao-de-sites-goiania/,0,1,0,96
criar site goiania,https://rcbseo.com.br/criacao-de-sites-goiania/,0,1,0,64
criação de sites em anápolis,https://rcbseo.com.br/consultoria-seo/anapolis/,0,1,0,65
criação de sites em goiânia,https://rcbseo.com.br/criacao-de-sites-goiania/,0,1,0,71
criação de sites goiania,https://rcbseo.com.br/criacao-de-sites-goiania/,0,1,0,65
dr. renan carvalho barato,https://rcbseo.com.br/consultor-seo-goiania/,0,1,0,32
e caro?,https://rcbseo.com.br/blog/seo-para-clinicas-vale-a-pena/,0,1,0,16
empresas de seo no brasil,https://rcbseo.com.br/consultoria-seo/,0,1,0,6
goo,https://rcbseo.com.br/,0,1,0,1
goog,https://rcbseo.com.br/,0,1,0,1
meu local a goiânia,https://rcbseo.com.br/seo-local-goiania/,0,1,0,8
meu negócio no google,https://rcbseo.com.br/,0,1,0,4
meu site google,https://rcbseo.com.br/,0,1,0,6
o que é preciso para aparecer no google,https://rcbseo.com.br/como-aparecer-no-google/,0,1,0,86
otimizar ficha do google,https://rcbseo.com.br/google-perfil-empresa/,0,1,0,85
otimização de google meu negócio,https://rcbseo.com.br/google-perfil-empresa/,0,1,0,9
otimização de perfil no google,https://rcbseo.com.br/google-perfil-empresa/,0,1,0,11
otimização perfil google empresa,https://rcbseo.com.br/blog/como-otimizar-google-perfil-empresa/,0,1,0,46
rcb consultoria,https://rcbseo.com.br/,0,1,0,5
seo local para barbearia,https://rcbseo.com.br/para-comercios-locais/,0,1,0,95
seo local para médicos,https://rcbseo.com.br/seo-para-medicos/,0,1,0,78
seo near me,https://rcbseo.com.br/para-comercios-locais/,0,1,0,75
seo para clínica,https://rcbseo.com.br/seo-para-clinicas/,0,1,0,41
