query;url;clicks;impressions;ctr_%;position
consultoria de seo para clínica estética;/seo-para-clinicas-de-estetica/;0;132;0;28.8
seo para clínicas de estética;/seo-para-clinicas-de-estetica/;0;113;0;42.8
aparecer no google;/como-aparecer-no-google/;0;101;0;52.8
negócio local perto de mim brasil;/para-comercios-locais/;0;101;0;8.8
seo para pequenas empresas;/blog/vale-a-pena-seo-para-pequena-empresa/;0;68;0;69.0
seo para site de clínica estética;/seo-para-clinicas-de-estetica/;0;67;0;68.3
seo para advogados;/para-advogados/;0;54;0;75.8
agência de seo para clínica estética;/seo-para-clinicas-de-estetica/;0;47;0;77.6
seo para consultório;/seo-para-clinicas/;0;45;0;61.4
como aparecer no google maps;/blog/como-aparecer-no-google-maps/;0;42;0;71.5
seo para consultorios;/seo-para-clinicas/;0;41;0;72.2
seo para clínica;/seo-para-clinicas/;0;40;0;93.5
seo para clinicas;/seo-para-clinicas/;0;37;0;69.4
seo para saúde;/seo-para-clinicas/;0;37;0;82.6
seo para contabilidade;/seo-para-contadores/;0;35;0;67.5
seo site contábil;/seo-para-contadores/;0;35;0;63.3
estratégia de seo para contabilidade;/seo-para-contadores/;0;34;0;71.3
como aparecer no google;/como-aparecer-no-google/;0;33;0;66
otimização google meu negócio;/google-perfil-empresa/;0;33;0;81.6
seo para dentista;/seo-para-dentistas/;0;31;0;35.5
seo local;/blog/o-que-e-seo-local/;0;29;0;29.6
otimização de ficha google;/google-perfil-empresa/;0;28;0;72.3
consultoria seo local;/guia-seo-local/;0;24;0;20.5
consultoria seo para pequenas empresas;/blog/vale-a-pena-seo-para-pequena-empresa/;0;24;0;52.5
empresa de otimização google meu negócio;/google-perfil-empresa/;0;24;0;86.4
seo para pequenas empresas;/seo-para-pequenas-empresas/;0;23;0;34.4
aparecer no google maps;/blog/como-aparecer-no-google-maps/;0;22;0;71.9
seo site de contabilidade;/seo-para-contadores/;0;22;0;77.2
google;/;0;21;0;4.7
quanto custa otimizar google meu negócio;/google-perfil-empresa/;0;21;0;72.9
seo para saude;/seo-para-clinicas/;0;21;0;97.0
seo para clínicas;/seo-para-clinicas/;0;20;0;79.5
perto de mim seo;/seo-local-goiania/;0;18;0;66.5
seo para consultorios;/seo-para-medicos/;0;17;0;18.1
como aparecer no topo do google maps;/blog/como-aparecer-no-google-maps/;0;16;0;58
seo para nutricionista;/seo-para-clinicas-de-emagrecimento/;0;16;0;90.2
aparecer no pacote local do google;/blog/como-aparecer-no-google-maps/;0;15;0;76.2
como aparecer nas buscas perto de mim;/blog/como-aparecer-no-google-maps/;0;15;0;44.4
melhorar o posicionamento no google;/blog/como-melhorar-posicionamento-empresa-google/;0;14;0;33.9
perto de mim seo;/para-comercios-locais/;0;14;0;23.9
seo para afiliados;/seo-para-afiliados-de-apostas/;0;14;0;36.4
auditoria seo local;/auditoria-seo/;0;13;0;25.8
busca por voz negócio local;/para-comercios-locais/;0;12;0;68.8
melhorar posição google;/blog/como-melhorar-posicionamento-empresa-google/;0;12;0;30.2
seo para médicos;/seo-para-medicos/;0;12;0;85.4
como otimizar perfil da empresa google;/google-perfil-empresa/;0;11;0;79.6
por quê minha empresa não aparece no google;/blog/por-que-minha-empresa-nao-aparece-no-google/;0;11;0;25.2
quanto tempo demora seo local;/blog/quanto-tempo-leva-seo-local-clinicas/;0;11;0;69.9
seo para clínica americana;/seo-para-clinicas/;0;11;0;80.6
backlinks para bets;/blog/link-building-para-bets-o-que-avaliar/;0;10;0;16.7
perfil google sem resultado;/blog/google-perfil-atrapalhando-resultados/;0;10;0;10.3
rcb;/;0;10;0;3.2
seo para dentistas;/seo-para-dentistas/;0;10;0;38.7
seo para especialista em administração em saúde;/seo-para-clinicas/;0;10;0;52.1
otimização perfil da empresa google;/google-perfil-empresa/;0;9;0;80
aparecer no pacote local do google;/como-aparecer-no-google/;0;8;0;75.4
consultor de links patrocinados;/consultoria-de-backlinks/;0;8;0;82.8
consultoria seo rj;/consultoria-seo/rio-de-janeiro/;0;8;0;33.4
link building para bets;/blog/link-building-para-bets-o-que-avaliar/;0;8;0;20.2
link building para bets;/link-building-para-bets/;0;8;0;46.1
otimização de google meu negócio;/google-perfil-empresa/;0;8;0;85.6
seo para especialista em harmonização orofacial;/seo-para-clinicas-de-estetica/;0;8;0;37.4
como aparecer no google perto de mim;/blog/como-aparecer-no-google-maps/;0;7;0;58.7
como receber mais orçamento pelo whatsapp;/blog/como-receber-orcamentos-whatsapp-site/;0;7;0;19.9
consultoria seo rio de janeiro;/consultoria-seo/rio-de-janeiro/;0;7;0;34.6
diferença entre seo e seo local;/blog/seo-local-ou-seo-nacional-diferenca/;0;7;0;73.3
diferença seo local e seo;/blog/seo-local-ou-seo-nacional-diferenca/;0;7;0;74.4
seo local para clinicas;/seo-para-clinicas/;0;7;0;52.6
seo near me;/para-comercios-locais/;0;7;0;70.7
seo para imobiliarias;/seo-para-imobiliarias/;0;7;0;78.3
serviço de seo local para empresas;/guia-seo-local/;0;7;0;24.7
aparecer primeiro no google maps;/blog/como-aparecer-no-google-maps/;0;6;0;59.2
diagnóstico de presença digital;/diagnostico-presenca-digital/;0;6;0;44.5
google meu negócio;/;0;6;0;4.7
posicionamento no google;/blog/como-melhorar-posicionamento-empresa-google/;0;6;0;34.7
rcb marketing;/marketing-para-clinicas/;0;6;0;8
seo local para clinicas;/seo-para-medicos/;0;6;0;17.2
seo local para clínicas;/seo-para-clinicas/;0;6;0;35.2
seo médicos;/seo-para-medicos/;0;6;0;84.2
seo para especialista em medicina preventiva;/seo-para-clinicas/;0;6;0;74.7
serviço local perto de mim brasil;/para-comercios-locais/;0;6;0;7.8
como aparecer mais no google maps;/blog/como-aparecer-no-google-maps/;0;5;0;76.2
como aparecer no topo google maps local;/blog/como-aparecer-no-google-maps/;0;5;0;49.2
consultor seo rj;/consultoria-seo/rio-de-janeiro/;0;5;0;66
meu negócio;/;0;5;0;4.4
migração de domínio;/blog/como-migrar-site-para-outro-dominio/;0;5;0;19.4
migração de domínios;/blog/como-migrar-site-para-outro-dominio/;0;5;0;23.4
otimização google meu negócio preço;/google-perfil-empresa/;0;5;0;75.4
quero aparecer no google maps;/blog/como-aparecer-no-google-maps/;0;5;0;64.4
seo local para médicos;/seo-para-clinicas/;0;5;0;92.6
seo local para médicos;/seo-para-medicos/;0;5;0;62.4
seo local vale a pena;/blog/vale-a-pena-seo-para-pequena-empresa/;0;5;0;17.6
seo para imobiliárias;/seo-para-imobiliarias/;0;5;0;85.2
aparecer no google maps bairro;/blog/como-aparecer-no-google-maps/;0;4;0;52
aparecer no google maps perto de mim;/blog/como-aparecer-no-google-maps/;0;4;0;47
b2b em igaming;/blog/como-funciona-seo-para-igaming/;0;4;0;60.8
citações locais seo;/blog/o-que-e-seo-local/;0;4;0;64.8
como aparecer no google maps​;/blog/como-aparecer-no-google-maps/;0;4;0;69.2
consultoria de seo para clínica estética;/seo-para-clinicas/;0;4;0;14.2
local seo near me;/para-comercios-locais/;0;4;0;36
meu negócio google;/;0;4;0;2.8
migrar domínio;/blog/como-migrar-site-para-outro-dominio/;0;4;0;24.2
o que é seo local;/blog/o-que-e-seo-local/;0;4;0;28
otimização perfil google empresa;/google-perfil-empresa/;0;4;0;67.5
seo local indaiatuba;/para-comercios-locais/;0;4;0;91.8
seo local para pequenas empresas;/blog/o-que-e-seo-local/;0;4;0;53.2
seo para advogado;/para-advogados/;0;4;0;82
seo para odontopediatra;/seo-para-dentistas/;0;4;0;44.5
agência de seo em campinas;/consultoria-seo/campinas/;0;3;0;67.7
agência de seo em são bernardo do campo;/consultoria-seo/sao-bernardo-do-campo/;0;3;0;58.7
consultor seo local;/blog/o-que-e-seo-local/;0;3;0;47.3
consultoria de seo local;/blog/o-que-e-seo-local/;0;3;0;46.3
consultoria seo rio de janeiro;/consultoria-seo/duque-de-caxias/;0;3;0;87.3
contratar auditoria seo;/auditoria-seo/;0;3;0;81.3
goo;/;0;3;0;1
google meu negocio para medicos;/google-meu-negocio-para-clinicas/;0;3;0;73.3
negócio local sua cidade avaliações brasil;/para-comercios-locais/;0;3;0;10
o que é preciso para aparecer no google;/como-aparecer-no-google/;0;3;0;77.7
posicionamento google;/blog/como-melhorar-posicionamento-empresa-google/;0;3;0;30
proximidade seo local;/blog/o-que-e-seo-local/;0;3;0;38.7
quanto tempo demora seo local;/blog/quanto-tempo-demora-seo-local/;0;3;0;21.7
seo local o que é;/blog/o-que-e-seo-local/;0;3;0;27.7
seo local para imobiliarias saiba como aumentar a visibilidade nas pesquisas regionais;/seo-para-imobiliarias/;0;3;0;78.3
seo para contabilidade;/blog/marketing-para-escritorio-de-contabilidade/;0;3;0;42.7
site imobiliário seo;/seo-para-imobiliarias/;0;3;0;82
site para empresas locais;/blog/paginas-que-empresa-local-precisa-no-site/;0;3;0;48.3
leilão de dominios registro br;/analise-de-dominios-expirados/;1;2;50.0;3
agendar negócio local sua cidade brasil;/para-comercios-locais/;0;2;0;10
agência de seo em mogi das cruzes;/consultoria-seo/mogi-das-cruzes/;0;2;0;67
aparecer google;/como-aparecer-no-google/;0;2;0;85.5
auditoria do perfil de backlinks;/consultoria-de-backlinks/;0;2;0;17
como aparecer nas buscas locais;/blog/como-aparecer-no-google-maps/;0;2;0;68.5
como aparecer nas buscas perto de mim;/para-comercios-locais/;0;2;0;40.5
como funciona o seo local;/blog/o-que-e-seo-local/;0;2;0;55
consultant webmarketing;/;0;2;0;3
consultor de seo local;/consultoria-seo-local/;0;2;0;33
consultor seo;/;0;2;0;7
consultor seo rj;/consultoria-seo/duque-de-caxias/;0;2;0;83
consultoria de seo no rio de janeiro;/consultoria-seo/rio-de-janeiro/;0;2;0;29.5
consultoria seo local;/consultoria-seo-local/;0;2;0;42
consultoria seo preço;/blog/quanto-custa-consultoria-seo-local/;0;2;0;70.5
consultoria seo sc;/consultoria-seo/florianopolis/;0;2;0;34
contratar um consultor de seo local;/blog/quanto-custa-consultoria-seo-local/;0;2;0;65
contratar um consultor de seo local;/guia-seo-local/;0;2;0;50
diferença entre seo e seo local;/blog/o-que-e-seo-local/;0;2;0;37.5
diferença seo local e seo;/blog/o-que-e-seo-local/;0;2;0;54
estratégia de seo para advogados;/para-advogados/;0;2;0;90
estratégia de seo para contabilidade;/blog/marketing-para-escritorio-de-contabilidade/;0;2;0;51.5
gloogle;/;0;2;0;1
google meu negócio não funciona;/blog/google-meu-negocio-nao-aparece/;0;2;0;25
google não mostra meu negócio;/blog/google-meu-negocio-nao-aparece/;0;2;0;27
gray hat;/blog/black-hat-gray-hat-white-hat-diferenca/;0;2;0;49
marketing escritório contábil;/blog/marketing-para-escritorio-de-contabilidade/;0;2;0;27.5
melhorar posição no google maps;/blog/como-melhorar-posicionamento-empresa-google/;0;2;0;40.5
migração de seo;/migracao-de-dominio-seo/;0;2;0;83
minha empresa nã£o aparece no google meu negã³cio;/blog/google-meu-negocio-nao-aparece/;0;2;0;25
o que é um domínio premium;/blog/dominio-premium-ou-dominio-expirado/;0;2;0;30.5
otimizar ficha do google;/google-perfil-empresa/;0;2;0;78
otimização de ficha google;/blog/como-otimizar-google-perfil-empresa/;0;2;0;84
por que meu site não aparece no google;/blog/por-que-meu-site-nao-aparece-no-google/;0;2;0;27.5
por quê minha empresa não aparece no google;/blog/google-meu-negocio-nao-aparece/;0;2;0;28
propaganda de escritorio de contabilidade;/blog/marketing-para-escritorio-de-contabilidade/;0;2;0;41
propaganda para advogados;/marketing-para-advogados/;0;2;0;36
quais são as empresas que fazem diagnóstico da presença digital de uma marca?;/diagnostico-presenca-digital/;0;2;0;6
rcb digital;/;0;2;0;7.5
redirecionamento vs transferência de domínio;/blog/o-que-acontece-com-seo-ao-trocar-dominio/;0;2;0;27
seo advogados;/para-advogados/;0;2;0;74
seo em goiania;/consultor-seo-goiania/;0;2;0;60
seo em santa catarina;/consultoria-seo/florianopolis/;0;2;0;66
seo local nova odessa;/blog/o-que-e-seo-local/;0;2;0;79
seo local palmas;/consultoria-seo/palmas/;0;2;0;28.5
seo local rio claro;/blog/o-que-e-seo-local/;0;2;0;55.5
seo local rio claro;/para-comercios-locais/;0;2;0;83
seo local vale a pena;/blog/o-que-e-seo-local/;0;2;0;38
seo para contabilidade;/blog/seo-para-contadores/;0;2;0;40
seo para dentista americana;/seo-para-dentistas/;0;2;0;71
seo para imobiliária;/seo-para-imobiliarias/;0;2;0;88.5
seo regional;/blog/o-que-e-seo-local/;0;2;0;53
seo rio de janeiro;/consultoria-seo/rio-de-janeiro/;0;2;0;39.5
servicios seo pequeñas empresas;/seo-para-pequenas-empresas/;0;2;0;21.5
serviços de seo local para pequenos negócios brasil;/seo-para-pequenas-empresas/;0;2;0;10.5
serviços locais perto de mim brasil;/para-comercios-locais/;0;2;0;9.5
trafego pago e seo b2b em taubaté;/consultoria-seo/taubate/;0;2;0;48.5
"""minha empresa precisa de divulgação"" * * *";/blog/como-divulgar-minha-empresa-em-goiania/;0;1;0;3
agencia seo campinas;/consultoria-seo/campinas/;0;1;0;85
agência de seo em arapongas;/consultoria-seo/arapongas/;0;1;0;14
agência de seo em brusque;/consultoria-seo/brusque/;0;1;0;35
agência de seo no rio de janeiro;/consultoria-seo/rio-de-janeiro/;0;1;0;93
agência de seo rio de janeiro;/consultoria-seo/rio-de-janeiro/;0;1;0;94
aparecer no google maps na minha cidade;/blog/como-aparecer-no-google-maps/;0;1;0;59
atrair mais pacientes;/como-atrair-mais-pacientes/;0;1;0;58
atrair pacientes;/como-atrair-mais-pacientes/;0;1;0;74
auditoria de backlinks seo;/consultoria-de-backlinks/;0;1;0;26
auditoria do perfil de backlinks;/blog/como-avaliar-qualidade-de-um-backlink/;0;1;0;60
cadastrar endereço no google;/blog/como-colocar-minha-empresa-no-google/;0;1;0;47
como aparecer nas buscas perto de mim;/blog/como-aparecer-nas-buscas-perto-de-mim/;0;1;0;71
como aparecer no google maps americana;/blog/como-aparecer-no-google-maps/;0;1;0;55
como atrair pacientes;/como-atrair-mais-pacientes/;0;1;0;65
como colocar meu negócio no google;/blog/como-colocar-minha-empresa-no-google/;0;1;0;50
como funciona seo local;/blog/o-que-e-seo-local/;0;1;0;41
como otimizar perfil da empresa google;/blog/como-otimizar-google-perfil-empresa/;0;1;0;86
como responder uma avaliação positiva no google;/blog/como-responder-avaliacoes-google-clinica/;0;1;0;64
consultor;/;0;1;0;2
consultor de seo local;/guia-seo-local/;0;1;0;100
consultor google meu negócio;/;0;1;0;2
consultor seo campinas;/consultoria-seo/campinas/;0;1;0;62
consultor seo em rj;/consultoria-seo/rio-de-janeiro/;0;1;0;39
consultor seo ribeirão preto;/consultoria-seo/ribeirao-preto/;0;1;0;45
consultoria de seo b2b;/;0;1;0;34
consultoria de seo local;/consultoria-seo-local/;0;1;0;97
consultoria seo brasil;/consultoria-seo-local/;0;1;0;27
consultoria seo em campina grande;/consultoria-seo/campina-grande/;0;1;0;97
consultoria seo goiania;/;0;1;0;1
conteúdo seo para pequenas empresas;/seo-para-pequenas-empresas/;0;1;0;28
contratar um consultor de seo local;/consultoria-seo-local/;0;1;0;24
divulgar minha empresa no google;/blog/como-divulgar-minha-empresa-no-google/;0;1;0;11
dominios expirados;/blog/dominio-premium-ou-dominio-expirado/;0;1;0;41
este conteúdo é de um site indexado pelo google.;/blog/como-saber-se-meu-site-esta-indexado/;0;1;0;9
estratégia de seo para contabilidade;/blog/seo-para-contadores/;0;1;0;52
estratégias de seo em praia grande;/consultoria-seo/praia-grande/;0;1;0;42
falar com consultor de seo em rj;/consultoria-seo/rio-de-janeiro/;0;1;0;34
google business profile;/;0;1;0;2
google maps teresopolis;/consultoria-seo/teresopolis/;0;1;0;10
google meu negocio em clinicas;/google-meu-negocio-para-clinicas/;0;1;0;55
google meu negocio perfil;/;0;1;0;1
google meu negócios;/;0;1;0;7
google negócios;/;0;1;0;1
igaming brasil apostas esportivas regulamentação bets;/seo-para-bets/;0;1;0;9
local;/;0;1;0;1
localização de posição no google;/blog/como-melhorar-posicionamento-empresa-google/;0;1;0;38
meu negoci;/;0;1;0;2
meu negócio no google;/;0;1;0;4
meu negócio não aparece no google;/blog/google-meu-negocio-nao-aparece/;0;1;0;27
meu negócio não aparece no google maps;/blog/google-meu-negocio-nao-aparece/;0;1;0;15
meu nogocio;/;0;1;0;6
meu site não aparece no google;/blog/por-que-meu-site-nao-aparece-no-google/;0;1;0;43
migração de site afeta seo;/migracao-de-dominio-seo/;0;1;0;97
minha empresa não aparece no google;/blog/google-meu-negocio-nao-aparece/;0;1;0;42
minha empresa não aparece no mapa do google;/blog/google-meu-negocio-nao-aparece/;0;1;0;32
odontologia;/seo-para-dentistas/;0;1;0;2
otimização de google meu negócio;/;0;1;0;1
otimização para google meu negócio palmas;/consultoria-seo/palmas/;0;1;0;67
otimização perfil da empresa google;/blog/como-otimizar-google-perfil-empresa/;0;1;0;94
otimização perfil google empresa;/blog/como-otimizar-google-perfil-empresa/;0;1;0;86
pacotes seo local;/guia-seo-local/;0;1;0;96
perfil do google meu negócio;/;0;1;0;1
perto de mim seo;/blog/o-que-e-seo-local/;0;1;0;62
por que minha empresa nao aparece no google maps;/blog/google-meu-negocio-nao-aparece/;0;1;0;31
posicionamento no google maps;/blog/como-melhorar-posicionamento-empresa-google/;0;1;0;30
projeto seo;/blog/como-funciona-projeto-de-seo-para-nichos-competitivos/;0;1;0;31
quanto custa agência de seo;/blog/quanto-custa-consultoria-seo-local/;0;1;0;90
quanto custa otimizar google meu negócio;/blog/quanto-custa-otimizar-google-meu-negocio/;0;1;0;37
rcb copy;/;0;1;0;3
rcb locations;/;0;1;0;10
rcb whatsapp;/;0;1;0;9
redirecionamento vs transferência de domínio;/migracao-de-dominio-seo/;0;1;0;80
seo em goiania;/seo-local-goiania/;0;1;0;1
seo em ribeirao preto;/consultoria-seo/ribeirao-preto/;0;1;0;84
seo local o que ã©;/blog/o-que-e-seo-local/;0;1;0;14
seo local ou tráfego pago;/blog/seo-ou-trafego-pago-empresa-local/;0;1;0;55
seo local para advogados;/para-advogados/;0;1;0;47
seo local para clinicas;/blog/o-que-e-seo-local/;0;1;0;30
seo local para clinicas;/blog/seo-para-clinicas-por-que-aparecer-no-google-vale-mais-que-indicacao/;0;1;0;81
seo nacional;/blog/seo-local-ou-seo-nacional-diferenca/;0;1;0;4
seo para negócios locais;/blog/o-que-e-seo-local/;0;1;0;24
seo para pequenas empresas sp;/blog/vale-a-pena-seo-para-pequena-empresa/;0;1;0;84
seo para terapeutas;/seo-para-psicologos/;0;1;0;78
seo para veterinarios;/seo-para-veterinarios/;0;1;0;15
seo pequeñas empresas;/seo-para-pequenas-empresas/;0;1;0;28
seo quanto custa;/blog/quanto-custa-consultoria-seo-local/;0;1;0;81
serviço de seo ribeirão preto;/consultoria-seo/ribeirao-preto/;0;1;0;65
serviços locais de seo perto de mim;/para-comercios-locais/;0;1;0;35
somente esses ?;/consultor-seo-goiania/;0;1;0;1
sou iptv;/blog/site-para-revendedor-iptv-o-que-precisa-ter/;0;1;0;7
