url;clicks;impressions;ctr_%;position;melhor_query;impr_dessa_query;pos_dessa_query
/seo-para-clinicas-de-estetica/;0;417;0;43.8;consultoria de seo para clínica estética;132;28.8
/seo-para-clinicas/;0;321;0;69.5;seo para consultório;45;61.4
/para-comercios-locais/;0;255;0;27.8;negócio local perto de mim brasil;101;8.8
/;6;224;2.7;5.4;google;21;4.7
/google-perfil-empresa/;0;171;0;77.6;otimização google meu negócio;33;81.6
/blog/como-aparecer-no-google-maps/;0;161;0;62.6;como aparecer no google maps;42;71.5
/blog/como-saber-se-meu-site-esta-indexado/;2;157;1.3;9.4;este conteúdo é de um site indexado pelo google.;1;9
/como-aparecer-no-google/;0;149;0;58.5;aparecer no google;101;52.8
/seo-para-contadores/;0;140;0;65.2;seo para contabilidade;35;67.5
/blog/por-que-minha-empresa-nao-aparece-no-google/;0;133;0;10.3;por quê minha empresa não aparece no google;11;25.2
/blog/como-responder-avaliacoes-google-clinica/;0;116;0;7.2;como responder uma avaliação positiva no google;1;64
/blog/vale-a-pena-seo-para-pequena-empresa/;0;109;0;57.9;seo para pequenas empresas;68;69.0
/seo-para-dentistas/;0;109;0;25.0;seo para dentista;31;35.5
/blog/google-meu-negocio-nao-aparece/;0;95;0;11.6;google meu negócio não funciona;2;25
/consultoria-seo-local/;1;92;1.1;12.8;consultor de seo local;2;33
/seo-para-medicos/;0;87;0;38.7;seo para consultorios;17;18.1
/para-advogados/;0;82;0;65.2;seo para advogados;54;75.8
/blog/o-que-e-seo-local/;0;80;0;39.3;seo local;29;29.6
/seo-local-goiania/;0;71;0;33.9;perto de mim seo;18;66.5
/blog/como-melhorar-posicionamento-empresa-google/;0;67;0;29.4;melhorar o posicionamento no google;14;33.9
/blog/por-que-meu-site-nao-aparece-no-google/;0;65;0;11.4;por que meu site não aparece no google;2;27.5
/consultor-seo-goiania/;2;47;4.3;16.5;seo em goiania;2;60
/guia-seo-local/;0;45;0;22.8;consultoria seo local;24;20.5
/contato/;0;40;0;19.4;;;
/seo-para-pequenas-empresas/;0;33;0;30.4;seo para pequenas empresas;23;34.4
/blog/por-que-minha-clinica-odontologica-nao-aparece-no-google/;0;31;0;6.3;;;
/consultoria-seo/rio-de-janeiro/;0;28;0;44.2;consultoria seo rj;8;33.4
/seo-para-clinicas-de-emagrecimento/;1;26;3.8;58.1;seo para nutricionista;16;90.2
/diagnostico-presenca-digital/;1;24;4.2;16.7;diagnóstico de presença digital;6;44.5
/para-profissionais-liberais/;0;24;0;14.6;;;
/seo-para-imobiliarias/;0;24;0;74.7;seo para imobiliarias;7;78.3
/blog/google-meu-negocio-para-corretor-de-imoveis/;0;23;0;5.4;;;
/auditoria-seo/;0;22;0;30.0;auditoria seo local;13;25.8
/blog/como-aparecer-google-clinica-estetica-goiania/;0;22;0;5.6;;;
/blog/como-migrar-site-para-outro-dominio/;0;22;0;17.6;migração de domínio;5;19.4
/cases/;0;21;0;5.8;;;
/blog/quanto-custa-consultoria-seo-local/;0;20;0;39.1;consultoria seo preço;2;70.5
/consultoria-seo/;0;19;0;20.3;;;
/blog/link-building-para-bets-o-que-avaliar/;0;18;0;18.3;backlinks para bets;10;16.7
/google-meu-negocio-para-clinicas/;0;18;0;33.4;google meu negocio para medicos;3;73.3
/blog/clinica-de-estetica-nao-aparece-no-google/;0;17;0;11.1;;;
/blog/erros-que-impedem-empresa-aparecer-no-google/;0;16;0;7.9;;;
/blog/seo-local-ou-seo-nacional-diferenca/;0;16;0;65.5;diferença entre seo e seo local;7;73.3
/sobre/;0;16;0;5.6;;;
/blog/como-receber-orcamentos-whatsapp-site/;0;15;0;12.9;como receber mais orçamento pelo whatsapp;7;19.9
/blog/quanto-tempo-leva-seo-local-clinicas/;1;14;7.1;55.7;quanto tempo demora seo local;11;69.9
/blog/google-perfil-atrapalhando-resultados/;0;14;0;9.2;perfil google sem resultado;10;10.3
/seo-para-afiliados-de-apostas/;0;14;0;36.4;seo para afiliados;14;36.4
/blog/como-otimizar-google-perfil-empresa/;0;13;0;48.5;otimização de ficha google;2;84
/blog/google-meu-negocio-para-clinicas-passo-a-passo/;0;13;0;8.8;;;
/blog/psicologo-pode-anunciar-no-google/;0;13;0;24.6;;;
/privacidade/;0;13;0;5.5;;;
/blog/erros-no-whatsapp-que-perdem-orcamento/;1;12;8.3;7.4;;;
/blog/site-ou-instagram-para-empresa-local/;0;12;0;7.2;;;
/blog/paginas-que-empresa-local-precisa-no-site/;0;11;0;18.3;site para empresas locais;3;48.3
/consultoria-de-backlinks/;0;11;0;65.6;consultor de links patrocinados;8;82.8
/blog/seo-para-contadores/;0;10;0;17.7;seo para contabilidade;2;40
/blog/marketing-para-escritorio-de-contabilidade/;0;9;0;40.9;seo para contabilidade;3;42.7
/blog/pet-shop-como-aparecer-no-google/;0;9;0;4.1;;;
/blog/dominio-caiu-o-que-fazer/;1;8;12.5;7.8;;;
/acompanhamento-seo/;0;8;0;6.9;;;
/blog/o-que-e-diagnostico-presenca-digital/;0;8;0;5.8;;;
/blog/responder-avaliacoes-google-sem-parecer-automatico/;0;8;0;8.4;;;
/blog/seo-para-profissionais-liberais/;0;8;0;10.1;;;
/blog/site-wix-wordpress-ou-site-otimizado-seo/;0;8;0;8.1;;;
/link-building-para-bets/;0;8;0;46.1;link building para bets;8;46.1
/seo-para-psicologos/;0;8;0;15.9;seo para terapeutas;1;78
/blog/dominio-novo-ou-expirado-para-iptv/;1;7;14.3;5.1;;;
/marketing-para-advogados/;0;7;0;28.4;propaganda para advogados;2;36
/analise-de-dominios-expirados/;1;6;16.7;4.2;leilão de dominios registro br;2;3
/blog/;0;6;0;5;;;
/blog/dominio-premium-ou-dominio-expirado/;0;6;0;28.7;o que é um domínio premium;2;30.5
/consultoria-seo/brusque/;0;6;0;41;agência de seo em brusque;1;35
/consultoria-seo/campinas/;0;6;0;65;agência de seo em campinas;3;67.7
/marketing-para-clinicas/;0;6;0;8;rcb marketing;6;8
/migracao-de-dominio-seo/;0;6;0;60.5;migração de seo;2;83
/site-otimizado-para-seo/;0;6;0;6.7;;;
/blog/como-conseguir-pacientes-de-psicologia/;1;5;20.0;15;;;
/blog/como-criar-site-para-iptv-do-zero/;0;5;0;5.4;;;
/blog/como-funciona-seo-para-igaming/;0;5;0;50.4;b2b em igaming;4;60.8
/blog/o-que-e-seo-agressivo/;0;5;0;2.4;;;
/blog/quanto-tempo-demora-seo-local/;0;5;0;16.2;quanto tempo demora seo local;3;21.7
/consultoria-seo/duque-de-caxias/;0;5;0;85.6;consultoria seo rio de janeiro;3;87.3
/consultoria-seo/florianopolis/;0;5;0;40.4;consultoria seo sc;2;34
/seo-para-veterinarios/;0;5;0;13.2;seo para veterinarios;1;15
/blog/como-avaliar-qualidade-de-um-backlink/;0;4;0;19.8;auditoria do perfil de backlinks;1;60
/consultoria-seo/manaus/;0;4;0;12.8;;;
/consultoria-seo/praia-grande/;0;4;0;18.2;estratégias de seo em praia grande;1;42
/consultoria-seo/ribeirao-preto/;0;4;0;48.8;consultor seo ribeirão preto;1;45
/consultoria-seo/sao-bernardo-do-campo/;0;4;0;59.2;agência de seo em são bernardo do campo;3;58.7
/consultoria-seo/taubate/;0;4;0;28;trafego pago e seo b2b em taubaté;2;48.5
/blog/black-hat-gray-hat-white-hat-diferenca/;0;3;0;36.3;gray hat;2;49
/blog/como-divulgar-minha-empresa-em-goiania/;0;3;0;7;"""minha empresa precisa de divulgação"" * * *";1;3
/blog/como-escolher-dominio-expirado-com-autoridade/;0;3;0;8;;;
/blog/como-funciona-projeto-de-seo-para-nichos-competitivos/;0;3;0;12.7;projeto seo;1;31
/blog/como-saber-se-consultor-google-meu-negocio-e-bom/;0;3;0;6.7;;;
/blog/estruturar-site-iptv-para-gerar-contatos/;0;3;0;45.7;;;
/blog/quanto-tempo-posicionar-site-iptv/;0;3;0;3.7;;;
/blog/seo-para-prestadores-de-servico/;0;3;0;4.3;;;
/blog/site-para-revendedor-iptv-o-que-precisa-ter/;0;3;0;11;sou iptv;1;7
/como-atrair-mais-pacientes/;0;3;0;65.7;atrair mais pacientes;1;58
/consultoria-seo/itajai/;0;3;0;33.7;;;
/consultoria-seo/mogi-das-cruzes/;0;3;0;48.7;agência de seo em mogi das cruzes;2;67
/consultoria-seo/palmas/;0;3;0;41.3;seo local palmas;2;28.5
/seo-para-jogos-online/;0;3;0;6;;;
/analise-de-projeto/;0;2;0;10;;;
/automacao-de-processos/;0;2;0;2;;;
/blog/como-analisar-historico-de-dominio-expirado/;0;2;0;5.5;;;
/blog/como-aparecer-nas-buscas-perto-de-mim/;0;2;0;37.5;como aparecer nas buscas perto de mim;1;71
/blog/como-atrair-clientes-clinica-veterinaria/;0;2;0;8;;;
/blog/como-colocar-minha-empresa-no-google/;0;2;0;48.5;cadastrar endereço no google;1;47
/blog/como-criar-paginas-de-avaliacao-de-casas-de-apostas/;0;2;0;3.5;;;
/blog/como-gerar-leads-imobiliaria-sem-portais/;0;2;0;10;;;
/blog/consultor-seo-ou-agencia-de-marketing-digital/;0;2;0;9;;;
/blog/consultoria-seo-funciona-para-clinica-pequena/;0;2;0;32.5;;;
/blog/o-que-acontece-com-seo-ao-trocar-dominio/;0;2;0;27;redirecionamento vs transferência de domínio;2;27
/blog/o-que-analisar-antes-de-contratar-seo/;0;2;0;4;;;
/blog/seo-para-cassino-online-desafios/;0;2;0;3;;;
/blog/vale-a-pena-contratar-consultor-google-meu-negocio/;0;2;0;6;;;
/consultoria-seo/fazenda-rio-grande/;0;2;0;13;;;
/consultoria-seo/jaboatao-dos-guararapes/;0;2;0;92.5;;;
/consultoria-seo/sao-carlos/;0;2;0;11;;;
/criacao-de-site-para-iptv/;0;2;0;10;;;
/diagnostico-gratuito/;0;2;0;8.5;;;
/seo-agressivo/;0;2;0;3;;;
/seo-para-revendedor-iptv/;0;2;0;1;;;
/blog/quanto-custa-seo-para-iptv/;1;1;100;20;;;
/blog/seo-nacional-para-iptv-o-que-muda/;1;1;100;1;;;
/blog/backlinks-para-iptv-funcionam/;0;1;0;11;;;
/blog/checklist-presenca-digital-empresa-local/;0;1;0;10;;;
/blog/como-atrair-pacientes-consultorio-odontologico/;0;1;0;6;;;
/blog/como-divulgar-minha-empresa-no-google/;0;1;0;11;divulgar minha empresa no google;1;11
/blog/dominio-expirado-ainda-funciona-para-seo/;0;1;0;1;;;
/blog/integrar-site-google-perfil-whatsapp/;0;1;0;8;;;
/blog/o-que-e-pbn-e-como-funciona/;0;1;0;6;;;
/blog/quanto-custa-chegar-primeira-pagina/;0;1;0;7;;;
/blog/quanto-custa-manter-site-otimizado-seo/;0;1;0;5;;;
/blog/quanto-custa-otimizar-google-meu-negocio/;0;1;0;37;quanto custa otimizar google meu negócio;1;37
/blog/quanto-custa-seo-para-sites-de-apostas/;0;1;0;5;;;
/blog/seo-agressivo-funciona-em-nichos-concorridos/;0;1;0;11;;;
/blog/seo-no-brasil-para-empresas-estrangeiras-de-igaming/;0;1;0;2;;;
/blog/seo-ou-trafego-pago-empresa-local/;0;1;0;55;seo local ou tráfego pago;1;55
/blog/seo-para-clinicas-por-que-aparecer-no-google-vale-mais-que-indicacao/;0;1;0;81;seo local para clinicas;1;81
/blog/seo-para-manutencao-e-reformas/;0;1;0;8;;;
/blog/site-bonito-nao-aparece-no-google/;0;1;0;4;;;
/blog/usar-avaliacoes-google-confianca-conversao/;0;1;0;10;;;
/blog/vale-a-pena-contratar-consultor-de-seo-ou-fazer-sozinho/;0;1;0;10;;;
/consultoria-seo/arapongas/;0;1;0;14;agência de seo em arapongas;1;14
/consultoria-seo/atibaia/;0;1;0;18;;;
/consultoria-seo/balneario-camboriu/;0;1;0;89;;;
/consultoria-seo/campina-grande/;0;1;0;97;consultoria seo em campina grande;1;97
/consultoria-seo/chapeco/;0;1;0;25;;;
/consultoria-seo/cuiaba/;0;1;0;11;;;
/consultoria-seo/dourados/;0;1;0;11;;;
/consultoria-seo/feira-de-santana/;0;1;0;5;;;
/consultoria-seo/franca/;0;1;0;47;;;
/consultoria-seo/hortolandia/;0;1;0;7;;;
/consultoria-seo/itabuna/;0;1;0;5;;;
/consultoria-seo/maraba/;0;1;0;7;;;
/consultoria-seo/mossoro/;0;1;0;10;;;
/consultoria-seo/nova-iguacu/;0;1;0;10;;;
/consultoria-seo/novo-hamburgo/;0;1;0;2;;;
/consultoria-seo/pinhais/;0;1;0;4;;;
/consultoria-seo/ponta-grossa/;0;1;0;24;;;
/consultoria-seo/rio-claro/;0;1;0;11;;;
/consultoria-seo/salvador/;0;1;0;44;;;
/consultoria-seo/santa-maria/;0;1;0;26;;;
/consultoria-seo/sao-jose-dos-pinhais/;0;1;0;13;;;
/consultoria-seo/teresopolis/;0;1;0;10;google maps teresopolis;1;10
/cookies/;0;1;0;3;;;
/para-comercios-locais;0;1;0;6;;;
/seo-nacional/;0;1;0;9;;;
/seo-para-bets/;0;1;0;9;igaming brasil apostas esportivas regulamentação bets;1;9
/seo-para-igaming/;0;1;0;5;;;
/seo-para-streaming-e-tv-online/;0;1;0;7;;;
